ID,NAME,iRM21,iRM44,iRM48,iRM206,iRM214,iRM228,iRM231,iRM232,iRM235,iRM241,iRM246,iRM247,iRM249,iRM253,iRM257,iSBE,iSSS,iGBSS
1,Bred_0002,,2,,,,1,1,2,2,1,2,,,0,2,,,
2,Bred_0004,,2,,,,1,0,0,1,0,2,,,0,1,,,
3,Bred_0005,,0,,,,1,0,1,2,0,0,,,1,0,,,
4,Bred_0006,,2,,,,1,2,0,2,2,0,,,1,2,,,
5,Bred_0007,,0,,,,1,2,,0,1,,,,0,,,,
6,Bred_0009,,0,,,,1,1,,2,2,0,,,0,2,,,
7,Bred_0010,0,,,,1,1,0,2,2,1,,,0,2,,,,
8,Bred_0011,,0,,,,1,1,0,2,2,2,,,1,2,,,
9,Bred_0012,,0,,,,0,1,0,2,2,0,,,0,2,,,
10,Bred_0013,,0,,,,1,1,2,2,2,1,,,1,,,,
11,Bred_0015,,0,,,,1,1,0,2,0,2,,,1,,,,
12,Bred_0017,,0,,,,1,1,0,2,0,0,,,1,,,,
13,Bred_0020,2,0,,2,,1,1,0,2,0,2,2,,1,2,2,0,1
14,Bred_0023,2,0,,2,,1,1,0,,,2,2,,1,,2,0,1
15,Bred_0027,2,,,0,,1,1,,,,1,2,,,,2,0,0
16,Bred_0028,2,0,2,2,1,0,1,0,2,0,1,2,2,1,2,2,0,0
17,Bred_0030,2,0,2,2,1,1,1,2,2,0,1,2,2,0,2,2,0,0
18,Bred_0031,2,2,2,2,1,1,1,0,2,0,2,2,2,1,2,2,0,0
19,Bred_0033,2,0,2,1,1,1,1,2,2,2,1,2,2,0,2,2,0,0
20,Bred_0035,2,0,2,2,1,1,1,1,2,0,1,0,2,0,0,2,0,1
21,Bred_0039,,1,,,,0,1,2,2,2,1,,,0,2,,,
22,Bred_0040,2,0,2,0,1,0,1,0,2,0,2,2,2,1,2,2,0,0
23,Bred_0041,,0,,0,1,1,1,0,2,0,2,2,2,1,0,0,2,0
48,Bred_0042,,0,,,,1,1,1,2,0,1,,,0,0,,,
49,Bred_0043,,0,,,,0,1,2,2,0,1,,,0,2,,,
50,Bred_0044,,0,,,,1,1,2,2,2,1,,,0,2,,,
51,Bred_0045,,0,,,,1,1,2,2,2,1,,,0,2,,,
56,Bred_0047,2,0,2,0,1,1,1,0,2,2,2,2,2,0,0,2,0,0
57,Bred_0048,2,0,,2,1,1,1,,2,2,2,2,2,0,2,0,0,0
58,Bred_0051,2,0,2,0,1,1,1,0,2,0,2,2,2,1,2,2,0,1
59,Bred_0053,2,,2,0,1,1,1,,2,2,2,2,2,,2,2,0,0
65,Bred_0054,,0,,,,1,1,2,2,2,2,,,0,2,,,
66,Bred_0055,2,0,2,0,1,1,1,2,2,2,2,2,2,0,2,2,0,0
67,Bred_0057,,0,,,,1,1,2,2,2,1,,,0,2,,,
68,Bred_0058,,0,,,,1,1,0,2,2,1,,,0,2,,,
69,Bred_0061,2,0,2,2,1,1,1,0,2,2,2,2,2,1,2,2,0,1
70,Bred_0062,,0,,,,1,1,0,2,2,1,,,0,2,,,
71,Bred_0063,2,0,2,0,1,1,1,0,2,2,2,2,2,1,2,2,0,0
72,Bred_0064,,0,,,,1,1,0,2,2,2,,,1,2,,,
73,Bred_0065,,0,,,,1,1,2,2,2,0,,,1,2,,,
74,Bred_0066,2,0,1,0,1,1,1,2,2,2,0,2,2,1,2,2,0,0
75,Bred_0067,2,0,2,0,1,1,1,2,2,0,0,2,2,1,0,2,0,0
76,Bred_0068,2,0,2,1,1,1,1,0,2,2,2,2,2,1,2,2,0,0
77,Bred_0070,2,0,0,2,1,0,1,0,2,2,2,2,2,0,2,2,0,2
78,Bred_0072,2,0,2,2,1,1,1,0,2,2,1,2,2,0,2,2,0,2
79,Bred_0074,2,0,1,2,1,1,1,2,2,2,1,2,2,0,0,2,0,0
80,Bred_0075,2,0,2,2,1,1,1,2,2,2,1,2,2,0,2,2,0,0
81,Bred_0076,2,0,2,0,1,0,0,2,2,2,0,0,2,1,0,2,0,0
82,Bred_0077,2,0,2,1,1,1,,0,2,2,0,2,2,1,2,2,0,0
83,Bred_0078,2,0,2,0,1,1,1,0,2,2,0,2,2,1,2,2,0,0
84,Bred_0079,2,0,2,2,1,1,1,0,2,2,1,2,2,0,2,2,0,0
85,Bred_0080,2,0,1,2,1,1,1,2,2,2,1,2,2,1,0,2,0,1
86,Bred_0083,2,0,2,1,1,1,1,2,2,2,1,2,2,0,2,2,0,0
87,Bred_0084,2,0,2,2,1,,,2,2,0,,2,2,1,1,2,0,1
88,Bred_0085,2,0,2,2,1,1,1,2,2,2,2,2,2,1,2,2,0,1
89,Bred_0087,2,0,2,2,1,1,1,0,2,2,1,2,2,0,2,2,0,1
119,Bred_0088,2,0,2,0,1,1,1,2,2,2,0,2,2,1,2,2,0,0
120,Bred_0091,2,0,2,2,1,1,1,2,2,2,1,2,2,0,0,2,0,0
121,Bred_0096,2,0,2,0,1,1,0,0,2,2,2,2,2,1,2,2,0,0
122,Bred_0099,2,0,2,2,1,1,1,0,2,0,2,2,2,1,1,2,0,1
123,Bred_0100,2,0,2,2,1,0,1,0,2,0,2,2,2,1,2,2,0,1
124,Bred_0101,,0,2,,1,1,1,2,2,2,,,2,0,2,,,
125,Bred_0102,2,,2,2,1,0,1,,2,2,1,2,2,,0,2,0,0
126,Bred_0103,2,0,2,2,1,0,1,2,2,2,1,2,2,0,0,2,0,0
127,Bred_0105,2,0,2,0,1,1,1,2,2,0,2,2,2,1,2,2,0,1
128,Bred_0106,,0,2,,1,0,0,2,2,2,2,,2,1,0,,,
133,Bred_0107,2,0,2,2,1,1,0,2,2,2,2,2,2,1,0,2,0,0
134,Bred_0108,2,2,2,2,1,1,1,2,2,2,2,2,2,1,0,2,0,1
166,Bred_0111,2,0,2,2,1,1,1,0,2,2,1,2,2,0,2,2,0,0
167,Bred_0112,2,0,2,2,1,1,1,2,2,0,1,2,2,1,2,2,0,1
168,Bred_0113,2,0,2,1,1,1,1,2,2,2,,2,2,0,2,2,0,0
182,Bred_0114,2,0,2,1,1,0,1,2,2,2,1,2,2,0,2,2,0,0
183,Bred_0115,2,0,2,2,1,0,1,2,2,0,1,2,2,1,2,2,0,1
184,Bred_0116,,0,,,,1,1,2,2,2,2,,,0,2,,,
185,Bred_0117,2,0,1,2,1,1,1,2,2,0,2,2,2,1,2,2,0,1
186,Bred_0118,2,0,2,2,1,1,1,2,2,2,2,2,2,1,2,2,0,1
187,Bred_0119,,0,,,,0,1,0,2,2,2,,,1,2,,,
188,Bred_0121,2,0,2,2,1,0,1,2,2,0,1,2,2,0,0,2,0,0
189,Bred_0123,2,0,2,2,1,1,1,2,2,2,2,2,2,0,0,2,0,0
190,Bred_0125,2,0,2,2,1,1,1,0,2,2,2,2,2,1,2,2,0,1
191,Bred_0129,2,0,2,2,1,1,1,2,,,2,2,2,1,,2,0,1
192,Bred_0132,2,0,2,2,1,1,1,2,2,2,2,2,2,1,2,2,0,0
193,Bred_0133,2,0,2,0,1,1,1,2,2,2,2,2,2,1,2,2,0,0
194,Bred_0134,,0,2,,1,,,0,2,2,,,2,1,2,2,0,1
195,Bred_0135,2,0,2,0,1,1,1,0,2,2,2,2,2,1,2,2,0,0
198,Bred_0137,2,0,2,2,1,1,1,1,2,0,2,2,2,1,2,2,0,0
201,Bred_0140,2,0,2,2,1,1,1,2,2,2,,2,2,1,2,2,0,1
299,Bred_0141,,0,2,,1,0,1,2,,2,2,,2,1,2,2,0,1
300,Bred_0142,2,0,2,2,1,0,1,2,2,2,2,2,2,1,2,2,0,0
301,Bred_0143,2,0,2,2,1,2,1,0,2,2,2,2,2,1,2,2,0,1
302,Bred_0145,,0,,,,1,1,2,2,2,2,,,0,2,,,
303,Bred_0146,2,0,2,2,1,1,1,2,2,2,2,0,2,0,2,2,0,0
304,Bred_0147,2,0,2,2,1,0,1,2,2,2,2,2,2,0,2,2,0,0
305,Bred_0149,,0,2,,1,2,1,2,2,2,2,,2,0,2,2,0,0
306,Bred_0152,2,0,2,2,1,2,,2,2,2,2,2,2,0,,2,0,0
316,Bred_0154,2,0,2,0,1,1,1,1,2,1,2,2,2,1,2,2,0,1
317,Bred_0156,,0,2,,1,1,1,2,2,2,1,,2,1,2,,,
318,Bred_0157,2,2,2,0,1,1,1,0,2,0,2,2,2,1,2,2,0,0
351,Bred_0158,2,0,2,2,1,1,,0,2,2,2,2,2,1,2,2,0,1
353,Bred_0159,,0,,,,1,1,2,2,2,2,,,0,2,,,